barrio_codigo,anio,precio_eur_m2,n_subzonas
011,2001,2610.0,1
011,2002,3279.0,1
011,2003,3605.0,1
011,2004,4128.0,1
011,2005,4503.0,1
011,2006,4555.0,1
011,2007,4807.0,1
011,2008,4544.0,1
011,2009,4239.0,1
011,2010,4113.0,1
011,2011,3850.0,1
011,2012,3519.0,1
011,2013,3397.0,1
011,2014,3369.0,1
011,2015,3682.0,1
011,2016,3731.0,1
012,2001,2107.0,1
012,2002,2715.0,1
012,2003,3022.0,1
012,2004,3401.0,1
012,2005,3852.0,1
012,2006,4252.0,1
012,2007,4394.0,1
012,2008,3782.0,1
012,2009,3601.0,1
012,2010,3489.0,1
012,2011,3215.0,1
012,2012,2721.0,1
012,2013,2897.0,1
012,2014,2697.0,1
012,2015,3000.0,1
012,2016,3240.0,1
013,2001,2611.0,1
013,2002,3070.0,1
013,2003,3683.0,1
013,2004,4107.0,1
013,2005,4610.0,1
013,2006,4858.0,1
013,2007,4922.0,1
013,2008,4401.0,1
013,2009,4101.0,1
013,2010,4272.0,1
013,2011,4043.0,1
013,2012,3715.0,1
013,2013,3358.0,1
013,2014,3541.0,1
013,2015,3714.0,1
013,2016,3616.0,1
014,2001,2496.0,1
014,2002,3103.0,1
014,2003,3736.0,1
014,2004,4151.0,1
014,2005,4396.0,1
014,2006,4967.0,1
014,2007,5027.0,1
014,2008,4992.0,1
014,2009,4915.0,1
014,2010,4653.0,1
014,2011,4539.0,1
014,2012,4007.0,1
014,2013,3969.0,1
014,2014,3902.0,1
014,2015,4326.0,1
014,2016,4612.0,1
015,2001,2317.0,1
015,2002,2870.0,1
015,2003,3352.0,1
015,2004,3857.0,1
015,2005,4337.0,1
015,2006,4602.0,1
015,2007,4747.0,1
015,2008,4263.0,1
015,2009,4006.0,1
015,2010,3953.0,1
015,2011,3604.0,1
015,2012,3230.0,1
015,2013,3297.0,1
015,2014,3199.0,1
015,2015,3476.0,1
015,2016,3845.0,1
016,2001,2450.0,1
016,2002,3108.0,1
016,2003,3502.0,1
016,2004,4029.0,1
016,2005,4591.0,1
016,2006,4627.0,1
016,2007,4876.0,1
016,2008,4465.0,1
016,2009,4091.0,1
016,2010,4183.0,1
016,2011,3921.0,1
016,2012,3517.0,1
016,2013,3445.0,1
016,2014,3419.0,1
016,2015,3716.0,1
016,2016,3788.0,1
021,2001,2264.0,1
021,2002,2934.0,1
021,2003,3591.0,1
021,2004,3507.0,1
021,2005,3711.0,1
021,2006,4254.0,1
021,2007,4240.0,1
021,2008,3723.0,1
021,2009,3541.0,1
021,2010,3352.0,1
021,2011,3104.0,1
021,2012,2816.0,1
021,2013,2752.0,1
021,2014,2731.0,1
021,2015,2697.0,1
021,2016,2920.0,1
022,2001,2237.0,1
022,2002,2993.0,1
022,2003,3506.0,1
022,2004,3793.0,1
022,2005,4178.0,1
022,2006,4453.0,1
022,2007,4309.0,1
022,2008,3940.0,1
022,2009,3743.0,1
022,2010,3588.0,1
022,2011,3365.0,1
022,2012,2957.0,1
022,2013,2918.0,1
022,2014,2804.0,1
022,2015,2966.0,1
022,2016,3193.0,1
023,2001,1939.0,1
023,2002,2576.0,1
023,2003,3222.0,1
023,2004,3434.0,1
023,2005,3680.0,1
023,2006,3972.0,1
023,2007,3942.0,1
023,2008,3503.0,1
023,2009,3316.0,1
023,2010,3123.0,1
023,2011,2894.0,1
023,2012,2379.0,1
023,2013,2267.0,1
023,2014,2190.0,1
023,2015,2355.0,1
023,2016,2649.0,1
024,2001,2313.0,1
024,2002,2714.0,1
024,2003,3320.0,1
024,2004,3714.0,1
024,2005,4083.0,1
024,2006,4251.0,1
024,2007,4261.0,1
024,2008,3916.0,1
024,2009,3988.0,1
024,2010,4010.0,1
024,2011,3847.0,1
024,2012,3428.0,1
024,2013,3428.0,1
024,2014,3307.0,1
024,2015,3349.0,1
024,2016,3395.0,1
025,2001,2254.0,1
025,2002,3008.0,1
025,2003,3279.0,1
025,2004,3751.0,1
025,2005,3882.0,1
025,2006,4295.0,1
025,2007,4138.0,1
025,2008,3820.0,1
025,2009,3497.0,1
025,2010,3375.0,1
025,2011,3206.0,1
025,2012,2825.0,1
025,2013,2710.0,1
025,2014,2564.0,1
025,2015,2592.0,1
025,2016,3025.0,1
026,2002,2783.0,1
026,2003,3297.0,1
026,2004,3497.0,1
026,2005,3945.0,1
026,2006,4246.0,1
026,2007,4083.0,1
026,2008,3809.0,1
026,2009,3477.0,1
026,2010,3595.0,1
026,2011,3241.0,1
026,2012,2831.0,1
026,2013,2800.0,1
026,2014,2529.0,1
026,2015,2725.0,1
026,2016,2976.0,1
027,2001,2312.0,1
031,2001,2458.0,1
031,2002,3134.0,1
031,2003,3774.0,1
031,2004,3853.0,1
031,2005,4142.0,1
031,2006,4431.0,1
031,2007,4490.0,1
031,2008,3978.0,1
031,2009,3854.0,1
031,2010,3789.0,1
031,2011,3506.0,1
031,2012,3061.0,1
031,2013,2821.0,1
031,2014,2758.0,1
031,2015,2943.0,1
031,2016,3084.0,1
032,2001,2435.0,1
032,2002,2709.0,1
032,2003,3561.0,1
032,2004,3669.0,1
032,2005,3945.0,1
032,2006,4436.0,1
032,2007,4555.0,1
032,2008,4050.0,1
032,2009,3834.0,1
032,2010,3677.0,1
032,2011,3420.0,1
032,2012,2991.0,1
032,2013,2696.0,1
032,2014,2686.0,1
032,2015,2941.0,1
032,2016,3180.0,1
033,2001,2485.0,1
033,2002,2937.0,1
033,2003,3280.0,1
033,2004,3815.0,1
033,2005,4016.0,1
033,2006,4339.0,1
033,2007,4523.0,1
033,2008,4066.0,1
033,2009,3950.0,1
033,2010,3817.0,1
033,2011,3595.0,1
033,2012,3111.0,1
033,2013,2847.0,1
033,2014,2831.0,1
033,2015,3083.0,1
033,2016,3003.0,1
034,2001,2726.0,1
034,2002,3374.0,1
034,2003,4201.0,1
034,2004,4515.0,1
034,2005,4582.0,1
034,2006,4991.0,1
034,2007,4953.0,1
034,2008,4759.0,1
034,2009,4622.0,1
034,2010,4253.0,1
034,2011,4130.0,1
034,2012,3605.0,1
034,2013,3478.0,1
034,2014,3595.0,1
034,2015,3756.0,1
034,2016,3939.0,1
035,2001,3442.0,1
035,2002,4640.0,1
035,2003,4665.0,1
035,2004,4595.0,1
035,2005,5190.0,1
035,2006,5795.0,1
035,2007,5790.0,1
035,2008,5880.0,1
035,2009,6053.0,1
035,2010,6754.0,1
035,2011,6233.0,1
035,2012,5415.0,1
035,2013,4973.0,1
035,2014,4765.0,1
035,2015,5035.0,1
035,2016,5246.0,1
036,2001,3084.0,1
036,2002,3879.0,1
036,2003,4025.0,1
036,2004,4583.0,1
036,2005,4638.0,1
036,2006,4916.0,1
036,2007,5284.0,1
036,2008,4746.0,1
036,2009,4537.0,1
036,2010,4514.0,1
036,2011,4094.0,1
036,2012,3535.0,1
036,2013,3398.0,1
036,2014,3458.0,1
036,2015,3460.0,1
036,2016,3586.0,1
041,2001,3423.0,1
041,2002,4369.0,1
041,2003,5584.0,1
041,2004,5543.0,1
041,2005,6055.0,1
041,2006,7015.0,1
041,2007,7084.0,1
041,2008,6965.0,1
041,2009,6523.0,1
041,2010,6435.0,1
041,2011,5998.0,1
041,2012,5452.0,1
041,2013,5440.0,1
041,2014,5578.0,1
041,2015,5843.0,1
041,2016,6144.0,1
042,2001,2962.0,1
042,2002,3801.0,1
042,2003,4194.0,1
042,2004,4705.0,1
042,2005,4637.0,1
042,2006,5121.0,1
042,2007,5328.0,1
042,2008,5030.0,1
042,2009,4808.0,1
042,2010,4667.0,1
042,2011,4349.0,1
042,2012,3851.0,1
042,2013,3713.0,1
042,2014,3819.0,1
042,2015,4097.0,1
042,2016,4213.0,1
043,2001,2527.0,1
043,2002,3185.0,1
043,2003,3751.0,1
043,2004,4055.0,1
043,2005,4239.0,1
043,2006,4518.0,1
043,2007,4678.0,1
043,2008,4187.0,1
043,2009,4026.0,1
043,2010,3986.0,1
043,2011,3525.0,1
043,2012,3095.0,1
043,2013,2910.0,1
043,2014,2876.0,1
043,2015,2985.0,1
043,2016,3156.0,1
044,2001,2507.0,1
044,2002,3116.0,1
044,2003,3575.0,1
044,2004,3795.0,1
044,2005,4120.0,1
044,2006,4415.0,1
044,2007,4557.0,1
044,2008,4092.0,1
044,2009,4035.0,1
044,2010,3850.0,1
044,2011,3515.0,1
044,2012,3120.0,1
044,2013,2948.0,1
044,2014,2863.0,1
044,2015,2990.0,1
044,2016,3055.0,1
045,2001,3019.0,1
045,2002,3898.0,1
045,2003,4192.0,1
045,2004,4682.0,1
045,2005,4961.0,1
045,2006,5299.0,1
045,2007,5483.0,1
045,2008,5196.0,1
045,2009,4853.0,1
045,2010,4922.0,1
045,2011,4543.0,1
045,2012,4003.0,1
045,2013,3873.0,1
045,2014,3989.0,1
045,2015,4024.0,1
045,2016,4465.0,1
046,2001,4202.0,1
046,2002,4452.0,1
046,2003,4983.0,1
046,2004,5376.0,1
046,2005,5591.0,1
046,2006,6135.0,1
046,2007,6237.0,1
046,2008,6973.0,1
046,2009,6344.0,1
046,2010,6001.0,1
046,2011,5836.0,1
046,2012,5158.0,1
046,2013,5077.0,1
046,2014,4898.0,1
046,2015,5036.0,1
046,2016,5445.0,1
051,2001,3814.0,1
051,2002,4328.0,1
051,2003,4432.0,1
051,2004,5173.0,1
051,2005,5510.0,1
051,2006,6249.0,1
051,2007,6274.0,1
051,2008,6439.0,1
051,2009,6123.0,1
051,2010,5785.0,1
051,2011,5623.0,1
051,2012,5021.0,1
051,2013,4482.0,1
051,2014,4459.0,1
051,2015,4545.0,1
051,2016,4919.0,1
052,2001,2702.0,1
052,2002,3401.0,1
052,2003,3720.0,1
052,2004,3869.0,1
052,2005,4245.0,1
052,2006,4345.0,1
052,2007,4619.0,1
052,2008,4223.0,1
052,2009,4018.0,1
052,2010,3950.0,1
052,2011,3640.0,1
052,2012,3119.0,1
052,2013,2971.0,1
052,2014,3006.0,1
052,2015,2988.0,1
052,2016,3302.0,1
053,2001,2547.0,1
053,2002,3382.0,1
053,2003,3827.0,1
053,2004,4009.0,1
053,2005,4286.0,1
053,2006,4691.0,1
053,2007,4785.0,1
053,2008,4227.0,1
053,2009,4009.0,1
053,2010,3903.0,1
053,2011,3488.0,1
053,2012,3235.0,1
053,2013,3182.0,1
053,2014,2839.0,1
053,2015,3055.0,1
053,2016,3416.0,1
054,2001,3198.0,1
054,2002,3982.0,1
054,2003,4462.0,1
054,2004,4852.0,1
054,2005,5129.0,1
054,2006,5252.0,1
054,2007,5663.0,1
054,2008,5740.0,1
054,2009,5223.0,1
054,2010,4933.0,1
054,2011,4675.0,1
054,2012,4289.0,1
054,2013,3804.0,1
054,2014,3765.0,1
054,2015,3826.0,1
054,2016,4047.0,1
055,2001,3467.0,1
055,2002,4264.0,1
055,2003,5003.0,1
055,2004,4935.0,1
055,2005,5533.0,1
055,2006,5576.0,1
055,2007,5916.0,1
055,2008,5880.0,1
055,2009,5727.0,1
055,2010,5374.0,1
055,2011,5011.0,1
055,2012,4471.0,1
055,2013,4236.0,1
055,2014,4186.0,1
055,2015,4278.0,1
055,2016,4416.0,1
056,2001,2848.0,1
056,2002,3160.0,1
056,2003,3806.0,1
056,2004,4076.0,1
056,2005,4486.0,1
056,2006,4701.0,1
056,2007,4884.0,1
056,2008,4437.0,1
056,2009,4176.0,1
056,2010,4200.0,1
056,2011,3849.0,1
056,2012,3300.0,1
056,2013,3123.0,1
056,2014,3015.0,1
056,2015,3163.0,1
056,2016,3165.0,1
061,2001,2091.0,1
061,2002,2821.0,1
061,2003,3210.0,1
061,2004,3523.0,1
061,2005,3895.0,1
061,2006,4024.0,1
061,2007,3914.0,1
061,2008,3508.0,1
061,2009,3278.0,1
061,2010,3053.0,1
061,2011,2868.0,1
061,2012,2449.0,1
061,2013,2381.0,1
061,2014,2200.0,1
061,2015,2294.0,1
061,2016,2426.0,1
062,2001,2864.0,1
062,2002,3621.0,1
062,2003,3851.0,1
062,2004,4152.0,1
062,2005,4312.0,1
062,2006,4536.0,1
062,2007,4383.0,1
062,2008,4285.0,1
062,2009,4059.0,1
062,2010,3922.0,1
062,2011,3662.0,1
062,2012,3134.0,1
062,2013,3011.0,1
062,2014,2879.0,1
062,2015,3035.0,1
062,2016,3296.0,1
063,2001,2931.0,1
063,2002,3576.0,1
063,2003,3943.0,1
063,2004,4412.0,1
063,2005,4494.0,1
063,2006,5049.0,1
063,2007,4815.0,1
063,2008,4604.0,1
063,2009,4239.0,1
063,2010,4280.0,1
063,2011,3895.0,1
063,2012,3412.0,1
063,2013,3099.0,1
063,2014,3150.0,1
063,2015,3275.0,1
063,2016,3476.0,1
064,2001,2268.0,1
064,2002,3023.0,1
064,2003,3382.0,1
064,2004,3638.0,1
064,2005,3879.0,1
064,2006,4027.0,1
064,2007,4104.0,1
064,2008,3607.0,1
064,2009,3563.0,1
064,2010,3315.0,1
064,2011,2980.0,1
064,2012,2593.0,1
064,2013,2386.0,1
064,2014,2235.0,1
064,2015,2140.0,1
064,2016,2407.0,1
065,2001,2200.0,1
065,2002,2814.0,1
065,2003,3257.0,1
065,2004,3475.0,1
065,2005,3743.0,1
065,2006,3918.0,1
065,2007,4003.0,1
065,2008,3554.0,1
065,2009,3360.0,1
065,2010,3285.0,1
065,2011,2896.0,1
065,2012,2456.0,1
065,2013,2317.0,1
065,2014,2161.0,1
065,2015,2198.0,1
065,2016,2262.0,1
066,2001,2168.0,1
066,2002,2877.0,1
066,2003,3208.0,1
066,2004,3573.0,1
066,2005,3733.0,1
066,2006,4012.0,1
066,2007,4001.0,1
066,2008,3360.0,1
066,2009,3181.0,1
066,2010,3078.0,1
066,2011,2842.0,1
066,2012,2608.0,1
066,2013,2306.0,1
066,2014,2159.0,1
066,2015,2236.0,1
066,2016,2394.0,1
071,2001,2583.0,1
071,2002,3285.0,1
071,2003,4046.0,1
071,2004,4293.0,1
071,2005,4634.0,1
071,2006,4760.0,1
071,2007,5068.0,1
071,2008,4555.0,1
071,2009,4198.0,1
071,2010,4210.0,1
071,2011,3919.0,1
071,2012,3258.0,1
071,2013,3250.0,1
071,2014,3095.0,1
071,2015,3343.0,1
071,2016,3649.0,1
072,2001,2668.0,1
072,2002,3498.0,1
072,2003,4010.0,1
072,2004,4369.0,1
072,2005,4547.0,1
072,2006,5043.0,1
072,2007,5125.0,1
072,2008,4498.0,1
072,2009,4434.0,1
072,2010,4303.0,1
072,2011,3898.0,1
072,2012,3417.0,1
072,2013,3234.0,1
072,2014,3479.0,1
072,2015,3629.0,1
072,2016,3885.0,1
073,2001,2920.0,1
073,2002,3511.0,1
073,2003,4107.0,1
073,2004,4501.0,1
073,2005,5037.0,1
073,2006,5224.0,1
073,2007,5401.0,1
073,2008,4971.0,1
073,2009,4731.0,1
073,2010,4524.0,1
073,2011,4068.0,1
073,2012,3705.0,1
073,2013,3421.0,1
073,2014,3503.0,1
073,2015,3782.0,1
073,2016,4047.0,1
074,2001,3308.0,1
074,2002,4247.0,1
074,2003,5057.0,1
074,2004,5141.0,1
074,2005,5727.0,1
074,2006,6164.0,1
074,2007,6191.0,1
074,2008,6243.0,1
074,2009,6275.0,1
074,2010,5786.0,1
074,2011,5611.0,1
074,2012,4908.0,1
074,2013,4470.0,1
074,2014,4527.0,1
074,2015,4460.0,1
074,2016,4989.0,1
075,2001,2939.0,1
075,2002,3678.0,1
075,2003,4297.0,1
075,2004,4403.0,1
075,2005,4406.0,1
075,2006,4966.0,1
075,2007,5243.0,1
075,2008,4731.0,1
075,2009,4629.0,1
075,2010,4408.0,1
075,2011,4085.0,1
075,2012,3589.0,1
075,2013,3403.0,1
075,2014,3417.0,1
075,2015,3643.0,1
075,2016,3920.0,1
076,2001,3016.0,1
076,2002,3191.0,1
076,2003,4201.0,1
076,2004,4445.0,1
076,2005,4671.0,1
076,2006,4673.0,1
076,2007,5066.0,1
076,2008,4756.0,1
076,2009,4473.0,1
076,2010,4413.0,1
076,2011,3951.0,1
076,2012,3588.0,1
076,2013,3353.0,1
076,2014,3317.0,1
076,2015,3353.0,1
076,2016,3542.0,1
081,2001,2552.0,1
081,2003,2171.0,1
082,2001,2499.0,1
082,2003,2574.0,1
082,2007,4271.0,1
082,2012,3301.0,1
082,2013,2845.0,1
082,2014,2731.0,1
082,2015,2770.0,1
082,2016,3004.0,1
083,2001,2086.0,1
083,2002,2401.0,1
083,2003,3135.0,1
083,2004,3606.0,1
083,2005,3793.0,1
083,2006,4152.0,1
083,2007,4075.0,1
083,2008,3704.0,1
083,2009,3667.0,1
083,2010,3573.0,1
083,2011,3326.0,1
083,2012,2919.0,1
083,2013,2867.0,1
083,2014,2634.0,1
083,2015,2681.0,1
083,2016,2751.0,1
084,2001,2198.0,1
084,2002,2944.0,1
084,2003,3399.0,1
084,2004,3679.0,1
084,2005,3696.0,1
084,2006,3932.0,1
084,2007,3957.0,1
084,2008,3495.0,1
084,2009,3435.0,1
084,2010,3323.0,1
084,2011,3011.0,1
084,2012,2573.0,1
084,2013,2283.0,1
084,2014,2174.0,1
084,2015,2214.0,1
084,2016,2494.0,1
085,2001,2617.0,1
085,2002,3101.0,1
085,2003,3550.0,1
085,2004,3645.0,1
085,2005,3884.0,1
085,2006,4244.0,1
085,2007,4242.0,1
085,2008,4114.0,1
085,2009,3916.0,1
085,2010,3879.0,1
085,2011,3572.0,1
085,2012,3111.0,1
085,2013,3079.0,1
085,2014,2951.0,1
085,2015,2930.0,1
085,2016,2960.0,1
086,2009,3413.0,2
086,2010,3477.5,2
086,2011,3257.5,2
086,2012,2867.0,2
086,2013,2127.0,1
086,2014,1770.0,1
086,2015,2616.5,2
086,2016,2675.0,2
087,2001,2681.0,1
087,2002,3268.0,1
087,2003,3633.0,1
087,2004,3986.0,1
087,2005,4016.0,1
087,2006,4239.0,1
087,2007,4364.0,1
087,2008,4302.0,1
087,2009,4189.0,1
087,2010,4065.0,1
087,2011,3773.0,1
087,2012,3214.0,1
087,2013,3102.0,1
087,2014,3078.0,1
087,2015,3268.0,1
087,2016,3401.0,1
088,2007,4092.0,1
088,2008,4180.0,1
088,2009,4248.0,1
088,2010,4298.0,1
088,2011,4108.0,1
088,2012,3658.0,1
088,2013,3420.0,1
088,2014,3477.0,1
088,2015,3540.0,1
088,2016,3679.0,1
091,2001,2559.0,1
091,2002,3100.0,1
091,2003,3461.0,1
091,2004,3622.0,1
091,2005,4499.0,1
091,2006,4408.0,1
091,2007,4403.0,1
091,2008,3721.0,1
091,2009,3587.0,1
091,2010,3397.0,1
091,2011,3198.0,1
091,2012,2962.0,1
091,2013,2821.0,1
091,2014,2658.0,1
091,2015,2729.0,1
091,2016,3012.0,1
092,2001,2849.0,1
092,2002,3640.0,1
092,2003,3889.0,1
092,2004,4362.0,1
092,2005,4468.0,1
092,2006,4826.0,1
092,2007,4889.0,1
092,2008,4683.0,1
092,2009,4610.0,1
092,2010,4344.0,1
092,2011,4178.0,1
092,2012,3767.0,1
092,2013,3430.0,1
092,2014,3307.0,1
092,2015,3433.0,1
092,2016,3944.0,1
093,2001,2403.0,1
093,2002,2687.0,1
093,2003,3529.0,1
093,2004,3881.0,1
093,2005,4075.0,1
093,2006,4543.0,1
093,2007,4675.0,1
093,2008,4391.0,1
093,2009,4216.0,1
093,2010,3866.0,1
093,2011,3703.0,1
093,2012,3254.0,1
093,2013,3168.0,1
093,2014,3045.0,1
093,2015,3022.0,1
093,2016,3055.0,1
094,2001,2313.0,1
094,2002,2808.0,1
094,2003,3206.0,1
094,2004,3307.0,1
094,2005,3822.0,1
094,2006,4071.0,1
094,2007,4227.0,1
094,2008,3655.0,1
094,2009,3507.0,1
094,2010,3253.0,1
094,2011,2785.0,1
094,2012,2477.0,1
094,2013,2481.0,1
094,2014,2166.0,1
094,2015,2256.0,1
094,2016,2367.0,1
095,2001,3106.0,1
095,2002,3524.0,1
095,2003,3799.0,1
095,2004,4177.0,1
095,2005,4412.0,1
095,2006,5056.0,1
095,2007,5254.0,1
095,2008,5154.0,1
095,2009,5240.0,1
095,2010,5165.0,1
095,2011,4802.0,1
095,2012,4098.0,1
095,2013,4101.0,1
095,2014,3865.0,1
095,2015,3995.0,1
095,2016,3951.0,1
096,2001,1999.0,1
096,2003,2685.0,1
097,2001,2003.0,1
097,2002,2320.0,1
097,2003,2920.0,1
097,2004,3540.0,1
097,2005,4000.0,1
097,2006,4427.0,1
097,2007,4478.0,1
097,2008,4104.0,1
097,2009,3880.0,1
097,2010,3928.0,1
097,2011,3733.0,1
097,2012,3361.0,1
097,2013,3141.0,1
097,2014,3191.0,1
097,2015,3310.0,1
097,2016,3365.0,1
101,2001,1709.0,1
101,2002,2332.0,1
101,2003,2850.0,1
101,2004,3028.0,1
101,2005,3274.0,1
101,2006,3665.0,1
101,2007,3428.0,1
101,2008,3012.0,1
101,2009,2930.0,1
101,2010,2711.0,1
101,2011,2471.0,1
101,2012,2193.0,1
101,2013,2078.0,1
101,2014,1656.0,1
101,2015,1668.0,1
101,2016,1884.0,1
102,2001,1713.0,1
102,2002,2238.0,1
102,2003,2681.0,1
102,2004,3033.0,1
102,2005,3363.0,1
102,2006,3501.0,1
102,2007,3336.0,1
102,2008,3078.0,1
102,2009,2792.0,1
102,2010,2672.0,1
102,2011,2350.0,1
102,2012,1967.0,1
102,2013,1870.0,1
102,2014,1632.0,1
102,2015,1721.0,1
102,2016,1955.0,1
103,2001,1801.0,1
103,2002,2238.0,1
103,2003,2631.0,1
103,2004,2848.0,1
103,2005,3257.0,1
103,2006,3433.0,1
103,2007,3343.0,1
103,2008,3036.0,1
103,2009,2705.0,1
103,2010,2541.0,1
103,2011,2246.0,1
103,2012,2002.0,1
103,2013,1850.0,1
103,2014,1699.0,1
103,2015,1665.0,1
103,2016,1734.0,1
104,2001,1610.0,1
104,2002,2426.0,1
104,2003,2585.0,1
104,2004,2977.0,1
104,2005,3125.0,1
104,2006,3444.0,1
104,2007,3303.0,1
104,2008,2911.0,1
104,2009,2608.0,1
104,2010,2549.0,1
104,2011,2270.0,1
104,2012,1892.0,1
104,2013,1897.0,1
104,2014,1503.0,1
104,2015,1581.0,1
104,2016,1676.0,1
105,2001,1615.0,1
105,2002,2270.0,1
105,2003,2806.0,1
105,2004,3040.0,1
105,2005,3112.0,1
105,2006,3448.0,1
105,2007,3299.0,1
105,2008,2872.0,1
105,2009,2644.0,1
105,2010,2518.0,1
105,2011,2190.0,1
105,2012,1941.0,1
105,2013,1933.0,1
105,2014,1572.0,1
105,2015,1638.0,1
105,2016,1770.0,1
106,2001,1710.0,1
106,2003,3118.0,1
107,2001,1788.0,1
107,2002,2367.0,1
107,2003,2750.0,1
107,2004,2934.0,1
107,2005,3068.0,1
107,2006,3303.0,1
107,2007,3291.0,1
107,2008,2842.0,1
107,2009,2584.0,1
107,2010,2415.0,1
107,2011,2173.0,1
107,2012,1783.0,1
107,2013,1749.0,1
107,2014,1481.0,1
107,2015,1555.0,1
107,2016,1697.0,1
111,2001,1761.0,1
111,2002,2405.0,1
111,2003,2643.0,1
111,2004,2851.0,1
111,2005,3177.0,1
111,2006,3429.0,1
111,2007,3400.0,1
111,2008,3050.0,1
111,2009,2904.0,1
111,2010,2687.0,1
111,2011,2427.0,1
111,2012,2046.0,1
111,2013,1883.0,1
111,2014,1676.0,1
111,2015,1739.0,1
111,2016,1805.0,1
112,2001,1626.0,1
112,2002,2262.0,1
112,2003,2749.0,1
112,2004,2844.0,1
112,2005,2954.0,1
112,2006,3542.0,1
112,2007,3379.0,1
112,2008,2973.0,1
112,2009,2695.0,1
112,2010,2521.0,1
112,2011,2249.0,1
112,2012,1921.0,1
112,2013,1804.0,1
112,2014,1641.0,1
112,2015,1659.0,1
112,2016,1721.0,1
113,2001,1721.0,1
113,2002,2067.0,1
113,2003,2549.0,1
113,2004,2869.0,1
113,2005,3219.0,1
113,2006,3502.0,1
113,2007,3317.0,1
113,2008,3037.0,1
113,2009,2885.0,1
113,2010,2493.0,1
113,2011,2255.0,1
113,2012,1949.0,1
113,2013,1881.0,1
113,2014,1566.0,1
113,2015,1611.0,1
113,2016,1665.0,1
114,2001,1812.0,1
114,2002,2226.0,1
114,2003,2675.0,1
114,2004,2784.0,1
114,2005,3219.0,1
114,2006,3439.0,1
114,2007,3278.0,1
114,2008,2822.0,1
114,2009,2553.0,1
114,2010,2463.0,1
114,2011,2187.0,1
114,2012,1779.0,1
114,2013,1719.0,1
114,2014,1508.0,1
114,2015,1481.0,1
114,2016,1593.0,1
115,2001,1664.0,1
115,2002,2106.0,1
115,2003,2491.0,1
115,2004,2771.0,1
115,2005,3150.0,1
115,2006,3263.0,1
115,2007,3193.0,1
115,2008,2793.0,1
115,2009,2545.0,1
115,2010,2359.0,1
115,2011,2029.0,1
115,2012,1681.0,1
115,2013,1603.0,1
115,2014,1420.0,1
115,2015,1377.0,1
115,2016,1510.0,1
116,2001,1606.0,1
116,2002,2127.0,1
116,2003,2728.0,1
116,2004,2840.0,1
116,2005,3339.0,1
116,2006,3532.0,1
116,2007,3368.0,1
116,2008,3161.0,1
116,2009,3016.0,2
116,2010,2921.0,2
116,2011,2601.5,2
116,2012,2340.5,2
116,2013,2310.0,2
116,2014,2041.5,2
116,2015,1967.5,2
116,2016,2051.0,2
117,2001,1719.0,1
117,2002,2150.0,1
117,2003,2703.0,1
117,2004,2858.0,1
117,2005,3171.0,1
117,2006,3243.0,1
117,2007,3311.0,1
117,2008,2910.0,1
117,2009,2760.0,1
117,2010,2439.0,1
117,2011,2169.0,1
117,2012,1718.0,1
117,2013,1647.0,1
117,2014,1359.0,1
117,2015,1421.0,1
117,2016,1466.0,1
121,2001,1298.0,1
121,2003,2313.0,1
121,2004,2466.0,1
121,2005,2982.0,1
121,2006,3225.0,1
121,2007,3076.0,1
121,2008,2701.0,1
121,2009,2457.0,1
121,2010,2204.0,1
121,2011,1956.0,1
121,2012,1674.0,1
121,2013,1577.0,1
121,2014,1518.0,1
121,2015,1431.0,1
121,2016,1415.0,1
122,2001,1745.0,1
122,2002,2257.0,1
122,2003,2656.0,1
122,2007,3228.0,1
122,2008,2802.0,1
122,2009,2537.0,1
122,2010,2273.0,1
122,2011,2215.0,1
122,2012,1792.0,1
122,2013,1775.0,1
122,2014,1536.0,1
122,2015,1468.0,1
122,2016,1421.0,1
123,2001,1576.0,1
123,2002,2162.0,1
123,2003,2492.0,1
123,2004,2617.0,1
123,2005,2921.0,1
123,2006,3102.0,1
123,2007,3086.0,1
123,2008,2817.0,1
123,2009,2729.0,1
123,2010,2593.0,1
123,2011,2166.0,1
123,2012,1904.0,1
123,2013,1744.0,1
123,2014,1568.0,1
123,2015,1656.0,1
123,2016,1459.0,1
124,2001,1696.0,1
124,2002,2176.0,1
124,2003,2699.0,1
124,2004,2791.0,1
124,2005,3177.0,1
124,2006,3381.0,1
124,2007,3212.0,1
124,2008,2962.0,1
124,2009,2636.0,1
124,2010,2572.0,1
124,2011,2092.0,1
124,2012,1875.0,1
124,2013,1731.0,1
124,2014,1452.0,1
124,2015,1512.0,1
124,2016,1642.0,1
125,2001,1636.0,1
125,2002,2159.0,1
125,2003,2734.0,1
125,2004,3007.0,1
125,2005,3232.0,1
125,2006,3338.0,1
125,2007,3250.0,1
125,2008,2919.0,1
125,2009,2544.0,1
125,2010,2402.0,1
125,2011,2151.0,1
125,2012,1901.0,1
125,2013,1720.0,1
125,2014,1512.0,1
125,2015,1539.0,1
125,2016,1692.0,1
126,2001,1654.0,1
126,2002,1819.0,1
126,2003,2725.0,1
126,2004,2781.0,1
126,2005,3062.0,1
126,2006,3411.0,1
126,2007,3279.0,1
126,2009,2498.0,1
126,2010,2262.0,1
126,2011,1980.0,1
126,2012,1722.0,1
126,2013,1628.0,1
126,2014,1398.0,1
126,2015,1354.0,1
126,2016,1380.0,1
127,2001,1690.0,1
127,2002,2221.0,1
127,2003,2576.0,1
127,2004,2883.0,1
127,2005,3231.0,1
127,2006,3630.0,1
127,2007,3375.0,1
127,2008,2837.0,1
127,2009,2533.0,1
127,2010,2388.0,1
127,2011,1951.0,1
127,2012,1707.0,1
127,2013,1490.0,1
127,2014,1303.0,1
127,2015,1364.0,1
127,2016,1449.0,1
131,2001,1170.0,1
131,2002,1770.0,1
131,2003,2274.0,1
131,2004,2597.0,1
131,2005,2874.0,1
131,2006,3194.0,1
131,2007,3059.0,1
131,2008,2494.0,1
131,2009,2113.0,1
131,2010,1870.0,1
131,2011,1578.0,1
131,2012,1388.0,1
131,2013,1261.0,1
131,2014,1061.0,1
131,2015,1092.0,1
131,2016,1118.0,1
132,2001,1766.0,1
132,2002,2146.0,1
132,2003,2694.0,1
132,2004,2941.0,1
132,2005,3257.0,1
132,2006,3387.0,1
132,2007,3225.0,1
132,2008,2752.0,1
132,2009,2512.0,1
132,2010,2361.0,1
132,2011,1982.0,1
132,2012,1700.0,1
132,2013,1495.0,1
132,2014,1339.0,1
132,2015,1339.0,1
132,2016,1370.0,1
133,2001,1699.0,1
133,2002,2100.0,1
133,2003,2507.0,1
133,2004,2778.0,1
133,2005,3243.0,1
133,2006,3560.0,1
133,2007,3232.0,1
133,2008,2804.0,1
133,2009,2628.0,1
133,2010,2329.0,1
133,2011,2027.0,1
133,2012,1759.0,1
133,2013,1646.0,1
133,2014,1416.0,1
133,2015,1402.0,1
133,2016,1469.0,1
134,2001,1645.0,1
134,2002,1960.0,1
134,2003,2550.0,1
134,2004,2735.0,1
134,2005,3112.0,1
134,2006,3367.0,1
134,2007,3253.0,1
134,2008,2807.0,1
134,2009,2551.0,1
134,2010,2464.0,1
134,2011,2077.0,1
134,2012,1764.0,1
134,2013,1961.0,1
134,2014,1686.0,1
134,2015,1582.0,1
134,2016,1450.0,1
135,2001,1513.0,1
135,2002,1595.0,1
135,2003,2275.0,1
135,2004,2645.0,1
135,2005,3138.0,1
135,2006,3293.0,1
135,2007,3273.0,1
135,2008,2770.0,1
135,2009,2507.0,1
135,2010,2133.0,1
135,2011,1861.0,1
135,2012,1603.0,1
135,2013,1482.0,1
135,2014,1245.0,1
135,2015,1239.0,1
135,2016,1316.0,1
136,2001,1901.0,1
136,2002,2242.0,1
136,2003,2725.0,1
136,2004,3040.0,1
136,2005,3270.0,1
136,2006,3490.0,1
136,2007,3303.0,1
136,2008,2942.0,1
136,2009,2596.0,1
136,2010,2413.0,1
136,2011,1991.0,1
136,2012,1751.0,1
136,2013,1707.0,1
136,2014,1406.0,1
136,2015,1460.0,1
136,2016,1503.0,1
141,2001,1914.0,1
141,2002,2157.0,1
141,2003,2575.0,1
141,2004,2970.0,1
141,2005,3098.0,1
141,2006,3398.0,1
141,2007,3290.0,1
141,2011,2208.0,1
142,2003,3592.0,1
142,2004,3359.0,1
143,2001,2187.0,1
143,2002,2710.0,1
143,2003,3293.0,1
143,2004,3327.0,1
143,2005,3506.0,1
143,2006,3938.0,1
143,2007,3745.0,1
143,2008,3539.0,1
143,2009,3250.0,1
143,2011,2774.0,1
143,2012,2314.0,1
143,2013,2398.0,1
143,2014,2196.0,1
143,2015,2187.0,1
143,2016,2398.0,1
144,2001,1975.0,1
144,2002,2563.0,1
144,2003,2908.0,1
144,2004,3295.0,1
144,2005,3682.0,1
144,2006,3613.0,1
144,2007,3558.0,1
144,2008,3131.0,1
144,2009,3165.0,1
144,2010,2852.0,1
144,2011,2509.0,1
144,2012,2150.0,1
144,2013,2131.0,1
144,2014,1882.0,1
144,2015,1936.0,1
144,2016,2133.0,1
145,2001,1904.0,1
145,2002,2622.0,1
145,2003,2670.0,1
145,2004,2919.0,1
145,2005,3133.0,1
145,2006,3459.0,1
145,2007,3315.0,1
145,2008,2832.0,1
145,2009,2539.0,1
145,2010,2496.0,1
145,2011,2143.0,1
145,2012,1952.0,1
145,2013,1613.0,1
145,2014,1626.0,1
145,2015,1641.0,1
145,2016,1729.0,1
146,2001,1952.0,1
146,2002,2332.0,1
146,2003,2787.0,1
146,2004,3065.0,1
146,2005,3214.0,1
146,2006,3506.0,1
146,2007,3478.0,1
146,2008,3010.0,1
146,2009,2728.0,1
146,2010,2676.0,1
146,2011,2320.0,1
146,2012,1910.0,1
146,2014,1848.0,1
146,2015,1812.0,1
146,2016,1952.0,1
151,2001,1947.0,1
151,2002,2557.0,1
151,2003,3059.0,1
151,2004,3162.0,1
151,2005,3514.0,1
151,2006,3712.0,1
151,2007,3691.0,1
151,2008,3226.0,1
151,2009,2986.0,1
151,2010,2780.0,1
151,2011,2477.0,1
151,2012,2176.0,1
151,2013,2049.0,1
151,2014,1729.0,1
151,2015,1826.0,1
151,2016,1929.0,1
152,2001,2026.0,1
152,2002,2476.0,1
152,2003,2987.0,1
152,2004,3117.0,1
152,2005,3395.0,1
152,2006,3568.0,1
152,2007,3568.0,1
152,2008,3114.0,1
152,2009,2890.0,1
152,2010,2692.0,1
152,2011,2390.0,1
152,2012,2037.0,1
152,2013,2025.0,1
152,2014,1731.0,1
152,2015,1733.0,1
152,2016,1839.0,1
153,2001,2344.0,1
153,2002,2488.0,1
153,2003,3371.0,1
153,2004,3403.0,1
153,2005,3894.0,1
153,2006,4033.0,1
153,2007,3861.0,1
153,2008,3322.0,1
153,2009,3204.0,1
153,2010,2980.0,1
153,2011,2666.0,1
153,2012,2244.0,1
153,2013,2246.0,1
153,2014,2071.0,1
153,2015,2103.0,1
153,2016,2174.0,1
154,2001,2477.0,1
154,2002,3451.0,1
154,2003,3939.0,1
154,2004,3727.0,1
154,2005,3792.0,1
154,2006,4110.0,1
154,2007,3975.0,1
154,2008,3716.0,1
154,2009,3496.0,1
154,2010,3434.0,1
154,2011,3187.0,1
154,2012,2960.0,1
154,2013,2570.0,1
154,2014,2472.0,1
154,2015,2313.0,1
154,2016,2464.0,1
155,2001,2788.0,1
155,2002,3115.0,1
155,2003,3327.0,1
155,2004,4397.0,1
155,2005,4224.0,1
155,2006,4295.0,1
155,2007,4397.0,1
155,2008,4352.0,1
155,2009,4049.0,1
155,2010,3771.0,1
155,2011,3746.0,1
155,2012,3299.0,1
155,2013,3085.0,1
155,2014,2939.0,1
155,2015,2929.0,1
155,2016,3032.0,1
156,2001,2894.0,1
156,2002,3583.0,1
156,2003,4042.0,1
156,2004,4567.0,1
156,2005,4577.0,1
156,2006,4762.0,1
156,2007,4526.0,1
156,2008,4773.0,1
156,2009,4643.0,1
156,2010,4395.0,1
156,2011,4335.0,1
156,2012,3789.0,1
156,2013,3468.0,1
156,2014,3425.0,1
156,2015,3350.0,1
156,2016,3800.0,1
157,2001,2761.0,1
157,2002,3545.0,1
157,2003,4165.0,1
157,2004,4079.0,1
157,2005,4523.0,1
157,2006,4605.0,1
157,2007,4612.0,1
157,2009,4146.0,1
157,2010,4248.0,1
157,2011,4039.0,1
157,2012,3723.0,1
157,2013,3259.0,1
157,2014,3253.0,1
157,2015,3138.0,1
157,2016,3158.0,1
158,2001,2961.0,1
158,2002,4062.0,1
158,2003,4127.0,1
158,2004,4529.0,1
158,2005,4898.0,1
158,2006,4978.0,1
158,2007,5061.0,1
159,2001,2751.0,1
159,2002,3429.0,1
159,2003,3624.0,1
159,2004,3782.0,1
159,2005,4246.0,1
159,2006,4717.0,1
159,2007,4474.0,1
159,2008,4396.0,1
159,2009,4223.0,1
159,2010,4309.0,1
159,2011,3930.0,1
159,2012,3501.0,1
159,2013,3455.0,1
159,2014,3211.0,1
159,2015,3291.0,1
159,2016,3386.0,1
161,2001,2507.0,1
161,2002,2839.0,1
161,2003,3672.0,1
161,2004,4156.0,1
161,2005,4333.0,1
161,2006,4885.0,1
161,2007,5124.0,1
161,2008,5250.0,1
161,2009,5425.0,1
161,2010,5075.0,1
161,2011,4405.0,1
161,2012,4032.0,1
161,2013,3736.0,1
161,2014,3864.0,1
161,2015,3686.0,1
162,2001,2796.0,1
162,2002,3273.0,1
162,2003,4706.0,1
162,2004,4560.0,1
162,2005,4879.0,1
162,2006,5246.0,1
162,2007,5432.0,1
162,2008,6086.0,1
162,2009,5419.0,1
162,2010,5143.0,1
162,2011,4952.0,1
162,2012,4451.0,1
162,2015,4096.0,1
162,2016,4281.0,1
163,2001,2290.0,1
163,2002,2584.0,1
163,2003,3117.0,1
163,2004,3514.0,1
163,2005,3863.0,1
163,2006,4006.0,1
163,2007,4088.0,1
163,2008,3678.0,1
163,2009,3473.0,1
163,2010,3245.0,1
163,2011,3101.0,1
163,2012,2664.0,1
163,2013,2623.0,1
163,2014,2456.0,1
163,2015,2299.0,1
163,2016,2521.0,1
164,2001,2207.0,1
164,2002,2745.0,1
164,2003,3005.0,1
164,2004,3261.0,1
164,2005,3506.0,1
164,2006,3843.0,1
164,2007,3754.0,1
164,2008,3411.0,1
164,2009,3317.0,1
164,2010,3224.0,1
164,2011,2922.0,1
164,2012,2519.0,1
164,2013,2287.0,1
164,2014,2107.0,1
164,2015,2162.0,1
164,2016,2178.0,1
165,2001,1989.0,1
165,2002,2622.0,1
165,2003,2735.0,1
165,2004,3083.0,1
165,2005,3252.0,1
165,2006,3600.0,1
165,2007,3498.0,1
165,2008,3093.0,1
165,2009,3054.0,1
165,2010,2778.0,1
165,2011,2555.0,1
165,2012,2234.0,1
165,2013,1975.0,1
165,2014,1627.0,1
165,2015,1684.0,1
165,2016,2074.0,1
166,2009,3595.5,2
166,2010,3490.5,2
166,2011,3365.5,2
166,2012,3040.0,2
166,2013,2838.3,3
166,2014,2750.7,3
166,2015,2815.7,3
166,2016,2945.0,2
171,2001,1468.0,1
171,2002,1922.0,1
171,2003,2239.0,1
171,2004,2685.0,1
171,2005,2800.0,1
171,2006,3153.0,1
171,2007,2985.0,1
171,2008,2587.0,1
171,2009,2351.0,1
171,2010,2108.0,1
171,2011,1797.0,1
171,2012,1563.0,1
171,2013,1321.0,1
171,2014,1193.0,1
171,2015,1195.0,1
171,2016,1291.0,1
172,2001,1159.0,1
172,2002,1750.0,1
172,2003,2119.0,1
172,2004,2359.0,1
172,2005,2312.0,1
172,2006,2777.0,1
172,2007,2796.0,1
172,2008,2171.0,1
172,2009,2028.0,1
172,2010,1707.0,1
172,2011,1400.0,1
172,2012,1084.0,1
172,2013,957.0,1
172,2014,912.0,1
172,2015,925.0,1
172,2016,961.0,1
173,2001,1347.0,1
173,2002,1547.0,1
173,2004,2789.0,1
173,2005,2779.0,1
173,2006,3039.0,1
173,2007,3065.0,1
173,2008,2656.0,1
173,2009,2559.0,1
173,2010,2377.0,1
173,2011,2178.0,1
173,2012,1832.0,1
173,2013,1784.0,1
173,2014,1515.0,1
173,2015,1594.0,1
173,2016,1772.0,1
174,2001,1450.0,1
174,2002,2060.0,1
174,2003,2310.0,1
174,2004,2732.0,1
174,2005,2975.0,1
174,2006,3071.0,1
174,2007,3064.0,1
174,2008,2753.0,1
174,2009,2558.0,1
174,2010,2305.0,1
174,2011,1951.0,1
174,2012,1707.0,1
174,2013,1492.0,1
174,2014,1322.0,1
174,2015,1302.0,1
174,2016,1500.0,1
175,2001,1476.0,1
175,2002,1959.0,1
175,2003,2314.0,1
175,2004,2782.0,1
175,2005,2908.0,1
175,2006,3095.0,1
175,2007,2992.0,1
175,2008,2566.0,1
175,2009,2434.0,1
175,2010,2203.0,1
175,2011,1835.0,1
175,2012,1532.0,1
175,2013,1457.0,1
175,2014,1271.0,1
175,2015,1357.0,1
175,2016,1404.0,1
181,2001,1546.0,1
181,2002,2024.0,1
181,2003,2592.0,1
181,2004,2755.0,1
181,2005,3084.0,1
181,2006,3460.0,1
181,2007,3375.0,1
181,2008,3063.0,1
181,2009,2856.0,2
181,2010,2741.0,2
181,2011,2523.5,2
181,2012,2255.5,2
181,2013,2168.0,2
181,2014,1872.0,2
181,2015,1435.0,1
181,2016,1932.5,2
182,2001,1654.0,1
182,2002,1916.0,1
182,2003,2498.0,1
182,2004,2587.0,1
182,2005,3048.0,1
182,2006,3207.0,1
182,2007,3144.0,1
182,2008,2733.0,1
182,2009,2545.0,1
182,2010,2479.0,1
182,2011,2320.0,1
182,2012,1967.0,1
182,2013,1855.0,1
182,2014,1667.0,1
182,2015,1744.0,1
182,2016,1629.0,1
191,2001,2011.0,1
191,2002,2160.0,1
191,2003,2977.0,1
191,2004,3136.0,1
191,2005,3471.0,1
191,2006,3446.0,1
191,2007,3432.0,1
191,2008,3080.0,1
191,2009,2914.0,1
191,2010,2926.0,1
191,2011,2431.5,2
191,2012,1975.5,2
191,2013,2238.0,1
191,2014,1830.5,2
191,2015,1814.5,2
191,2016,1939.0,2
192,2001,1618.0,1
192,2002,1958.0,1
192,2004,2980.0,1
192,2005,3059.0,1
192,2006,3225.0,1
192,2007,3225.0,1
192,2008,2688.0,1
192,2009,2584.0,1
192,2010,2485.0,1
192,2011,2134.0,1
192,2012,1685.0,1
192,2013,1447.0,1
192,2014,1359.0,1
192,2015,1314.0,1
192,2016,1408.0,1
201,2001,2152.0,1
201,2002,2768.0,1
201,2003,3043.0,1
201,2004,3391.0,1
201,2005,3771.0,1
201,2006,3773.0,1
201,2007,3640.0,1
201,2008,3435.0,1
201,2009,3210.0,1
201,2010,2990.0,1
201,2011,2696.0,1
201,2012,2373.0,1
201,2013,2161.0,1
201,2014,1928.0,1
201,2015,1955.0,1
201,2016,2153.0,1
202,2001,1613.0,1
202,2002,2306.0,1
202,2003,2479.0,1
202,2004,2745.0,1
202,2005,3029.0,1
202,2006,2967.0,1
202,2007,3076.0,1
202,2011,1849.0,1
202,2012,1579.0,1
202,2014,1203.0,1
203,2001,1645.0,1
203,2002,1810.0,1
203,2003,2558.0,1
203,2004,3012.0,1
203,2005,2961.0,1
203,2006,3545.0,1
203,2007,3470.0,1
203,2010,2232.0,1
203,2011,1909.0,1
203,2012,1576.0,1
203,2013,1363.0,1
203,2014,1225.0,1
203,2015,1145.0,1
203,2016,1336.0,1
204,2001,1601.0,1
204,2002,2189.0,1
204,2003,2719.0,1
204,2004,2737.0,1
204,2005,3113.0,1
204,2006,3303.0,1
204,2007,3382.0,1
204,2008,2893.0,1
204,2009,2550.0,1
204,2010,2452.0,1
204,2011,2103.0,1
204,2012,1701.0,1
204,2013,1546.0,1
204,2014,1330.0,1
204,2015,1355.0,1
204,2016,1557.0,1
205,2001,2134.0,1
205,2002,2949.0,1
205,2003,3307.0,1
205,2004,3558.0,1
205,2005,3772.0,1
205,2006,3927.0,1
205,2007,3815.0,1
205,2008,3562.0,1
205,2009,3460.0,1
205,2010,3283.0,1
205,2011,3061.0,1
205,2012,2652.0,1
205,2013,2597.0,1
205,2014,2446.0,1
205,2015,2545.0,1
205,2016,2574.0,1
206,2001,1525.0,1
206,2002,2251.0,1
206,2003,3140.0,1
206,2004,3200.0,1
206,2005,3587.0,1
206,2006,3833.0,1
206,2007,3708.0,1
206,2008,3381.0,1
206,2009,3187.0,1
206,2010,3149.0,1
206,2011,2966.0,1
206,2012,2574.0,1
206,2013,2625.0,1
206,2014,2487.0,1
206,2015,2518.0,1
206,2016,2505.0,1
207,2001,1849.0,1
207,2002,2132.0,1
207,2003,2469.0,1
207,2004,2906.0,1
207,2005,3185.0,1
207,2006,3382.0,1
207,2007,3318.0,1
207,2008,2865.0,1
207,2009,2706.0,1
207,2010,2512.0,1
207,2011,2451.0,1
207,2012,1986.0,1
207,2013,1950.0,1
207,2014,1775.0,1
207,2015,1617.0,1
207,2016,1748.0,1
208,2001,2305.0,1
208,2002,2898.0,1
208,2003,3386.0,1
208,2004,3512.0,1
208,2005,3877.0,1
208,2006,3953.0,1
208,2007,3829.0,1
208,2011,3551.0,1
208,2012,3206.0,1
208,2013,2775.0,1
208,2014,2634.0,1
208,2015,2569.0,1
208,2016,2880.0,1
211,2001,1995.0,1
211,2002,2559.0,1
211,2003,2812.0,1
211,2004,3226.0,1
211,2005,3558.0,1
211,2006,3744.0,1
211,2007,3752.0,1
211,2008,3504.0,1
211,2009,3283.0,1
211,2010,3263.0,1
211,2011,3057.0,1
211,2012,2817.0,1
211,2013,2787.0,1
211,2014,2612.0,1
211,2015,2583.0,1
211,2016,2602.0,1
212,2001,1110.0,1
212,2005,3479.0,1
212,2006,3542.0,1
212,2008,2853.0,1
213,2001,2581.0,1
213,2003,2865.0,1
213,2004,3218.0,1
213,2005,3022.0,1
213,2006,3388.0,1
213,2007,3632.0,1
213,2014,1991.0,1
214,2001,2254.0,1
214,2002,3019.0,1
214,2003,2908.0,1
214,2004,3389.0,1
214,2005,3567.0,1
214,2006,3945.0,1
214,2007,3848.0,1
214,2008,3512.0,1
214,2009,3337.0,1
214,2010,3360.0,1
214,2011,3100.0,1
214,2012,2703.0,1
214,2014,2433.0,1
214,2015,2431.0,1
215,2001,1927.0,1
215,2002,3054.0,1
215,2003,3685.0,1
215,2004,3959.0,1
215,2005,4232.0,1
215,2006,4416.0,1
215,2007,4391.0,1
215,2008,4083.0,1
215,2009,4191.0,1
215,2010,4381.0,1
215,2011,3939.0,1
215,2012,3640.0,1
215,2013,3434.0,1
215,2014,3426.0,1
215,2015,3262.0,1
215,2016,3331.0,1
